{
  "name": "BT5.0 KB",
  "vendorProductId": 916127825,
  "macros": ["", "", "", "", "", "", "", "", "", "", "", "", "", "", "", ""],
  "layers": [
    [
      "KC_ESC",
      "KC_GRV",
      "KC_1",
      "KC_2",
      "KC_3",
      "KC_4",
      "KC_5",
      "KC_6",
      "KC_7",
      "KC_8",
      "KC_9",
      "KC_0",
      "KC_MINS",
      "KC_EQL",
      "KC_BSPC",
      "KC_SPC",
      "KC_LCTL",
      "KC_PGUP",
      "KC_TAB",
      "KC_Q",
      "KC_W",
      "KC_E",
      "KC_R",
      "KC_T",
      "KC_Y",
      "KC_U",
      "KC_I",
      "KC_O",
      "KC_P",
      "KC_LBRC",
      "KC_RBRC",
      "KC_BSLS",
      "MO(1)",
      "KC_LGUI",
      "KC_PGDN",
      "KC_CAPS",
      "KC_A",
      "KC_S",
      "KC_D",
      "KC_F",
      "KC_G",
      "KC_H",
      "KC_J",
      "KC_K",
      "KC_L",
      "KC_SCLN",
      "KC_QUOT",
      "KC_ENT",
      "0xff",
      "KC_LEFT",
      "KC_LALT",
      "KC_LSFT",
      "KC_Z",
      "KC_X",
      "KC_C",
      "KC_V",
      "KC_B",
      "KC_B",
      "KC_N",
      "KC_M",
      "KC_COMM",
      "KC_DOT",
      "KC_SLSH",
      "KC_UP",
      "KC_RSFT",
      "KC_RGHT",
      "KC_DOWN",
      "KC_SPC"
    ],
    [
      "0x7f85",
      "0x7f09",
      "KC_F1",
      "KC_F2",
      "KC_F3",
      "KC_F4",
      "KC_F5",
      "KC_F6",
      "KC_F7",
      "KC_F8",
      "KC_F9",
      "KC_F10",
      "KC_F11",
      "KC_F12",
      "BL_TOGG",
      "0x7f08",
      "KC_LCTL",
      "0x7f06",
      "0x7f0a",
      "0x7f81",
      "0x7f82",
      "0x7f83",
      "0x7f84",
      "KC_T",
      "KC_Y",
      "KC_PSCR",
      "KC_SLCK",
      "KC_PAUS",
      "KC_P",
      "KC_LBRC",
      "KC_RBRC",
      "RGB_TOG",
      "MO(1)",
      "0x700b",
      "0x7f07",
      "0x7f05",
      "KC_A",
      "KC_S",
      "KC_D",
      "KC_F",
      "KC_G",
      "KC_H",
      "KC_INS",
      "KC_HOME",
      "KC_L",
      "KC_SCLN",
      "KC_QUOT",
      "RGB_MOD",
      "0xff",
      "RGB_SPD",
      "KC_LALT",
      "KC_LSFT",
      "KC_Z",
      "KC_X",
      "KC_C",
      "KC_V",
      "KC_B",
      "KC_B",
      "KC_N",
      "KC_DEL",
      "KC_END",
      "KC_DOT",
      "KC_SLSH",
      "RGB_VAI",
      "KC_RSFT",
      "RGB_SPI",
      "RGB_VAD",
      "0x7f08"
    ],
    [
      "KC_ESC",
      "KC_GRV",
      "KC_1",
      "KC_2",
      "KC_3",
      "KC_4",
      "KC_5",
      "KC_6",
      "KC_7",
      "KC_8",
      "KC_9",
      "KC_0",
      "KC_MINS",
      "KC_EQL",
      "KC_BSPC",
      "KC_SPC",
      "KC_LCTL",
      "KC_PGUP",
      "KC_TAB",
      "KC_Q",
      "KC_W",
      "KC_E",
      "KC_R",
      "KC_T",
      "KC_Y",
      "KC_U",
      "KC_I",
      "KC_O",
      "KC_P",
      "KC_LBRC",
      "KC_RBRC",
      "KC_BSLS",
      "MO(3)",
      "KC_LALT",
      "KC_PGDN",
      "KC_CAPS",
      "KC_A",
      "KC_S",
      "KC_D",
      "KC_F",
      "KC_G",
      "KC_H",
      "KC_J",
      "KC_K",
      "KC_L",
      "KC_SCLN",
      "KC_QUOT",
      "KC_ENT",
      "0xff",
      "KC_LEFT",
      "KC_LGUI",
      "KC_LSFT",
      "KC_Z",
      "KC_X",
      "KC_C",
      "KC_V",
      "KC_B",
      "KC_B",
      "KC_N",
      "KC_M",
      "KC_COMM",
      "KC_DOT",
      "KC_SLSH",
      "KC_UP",
      "KC_RSFT",
      "KC_RGHT",
      "KC_DOWN",
      "KC_SPC"
    ],
    [
      "0x7f85",
      "0x7f09",
      "KC_F1",
      "KC_F2",
      "KC_F3",
      "KC_F4",
      "KC_F5",
      "KC_F6",
      "KC_F7",
      "KC_F8",
      "KC_F9",
      "KC_F10",
      "KC_F11",
      "KC_F12",
      "BL_TOGG",
      "0x7f08",
      "KC_LCTL",
      "0x7f06",
      "0x7f0a",
      "0x7f81",
      "0x7f82",
      "0x7f83",
      "0x7f84",
      "KC_T",
      "KC_Y",
      "LSG(KC_4)",
      "KC_SLCK",
      "KC_PAUS",
      "KC_P",
      "KC_LBRC",
      "KC_RBRC",
      "RGB_TOG",
      "MO(3)",
      "KC_LALT",
      "0x7f07",
      "0x7f05",
      "KC_A",
      "KC_S",
      "KC_D",
      "KC_F",
      "KC_G",
      "KC_H",
      "KC_INS",
      "KC_HOME",
      "KC_L",
      "KC_SCLN",
      "KC_QUOT",
      "RGB_MOD",
      "0xff",
      "RGB_SPD",
      "KC_LGUI",
      "KC_LSFT",
      "KC_Z",
      "KC_X",
      "KC_C",
      "KC_V",
      "KC_B",
      "KC_B",
      "KC_N",
      "KC_DEL",
      "KC_END",
      "KC_DOT",
      "KC_SLSH",
      "RGB_VAI",
      "KC_RSFT",
      "RGB_SPI",
      "RGB_VAD",
      "0x7f08"
    ]
  ],
  "encoders": []
}