{
  "name": "lucifer67",
  "vendorId": "0x1EA7",
  "productId": "0x7777",
  "lighting": "none",
  "matrix": { "rows": 5, "cols": 15 },
  "layouts": {
    "keymap": [
      [
        {
          "y":-0.2
        },
        "4,1",
        {
          "x": 0.25,
          "y":0.1
        },
        "0,0",
        "0,1",
        "0,2",
        {
          "r":10,
          "y":-0.6,
          "x":0.1
        },
        "0,3",
        "0,4",
        "0,5",
        "0,6",
        {
          "x": 0.05,
          "r":-10,
          "y":2.8
        },
        "0,7",
        "0,8",
        "0,9",
        "0,10",
        {
          "r":0,
          "y":-2.1,
          "x":0.45
        },
        "0,11",
        "0,12",
        {
          "w":2
        },
        "0,13",
        {
          "x":0.5
        },
        "0,14",
        {
          "x":0.2
        },
        "1,14"
      ],
      [
        {
          "x": -0.25,
          "y":-0.2
        },
        "4,6",
        {
          "x":0.25,
          "w":1.5,
          "y":0.1
        },
        "1,0",
        "1,1",
        {
          "r":10,
          "y":-0.6,
          "x":0.3
        },
        "1,2",
        "1,3",
        "1,4",
        "1,5",
        {
          "x": 0.15,
          "r":-10,
          "y":2.8
        },
        "1,6",
        "1,7",
        "1,8",
        "1,9",
        {
          "r":0,
          "x":0.65,
          "y":-2.05
        },
         {
          "y":-0.05
        },
        "1,10",
        "1,11",
        "1,12",
        {
          "w": 1.5
        },
        "1,13",
        {
          "x": 0.8
        },
        "2,13"
      ],
      [
        {
          "x":-0.5,
          "y":-0.2
        },
        "4,3",
        {
          "x": 0.3,
          "w": 1.75,
          "y":0.1
        },
        "2,0",
        "2,1",
        {
          "r":10,
          "y":-0.6,
          "x":0.55
        },
        "2,2", 
        "2,3",
        "2,4",
        "2,5",
        {
          "x": 0.1,
          "r":-10,
          "y":2.8
        },
        "2,6",
        "2,7",
        "2,8",
        "2,9",
        {
          "r":0,
          "x":0.9,
          "y":-2.1
        },
        "2,10",
        "2,11",
        {
          "w": 2.25
        },
        "2,12"
      ],
      [
        {
          "x": 0.6,
          "w": 2.25,
          "y":-0.1
        },
        "3,0",
         {
          "r":3,
          "x":0.2,
          "y":-0.1
        },
        "3,1",
        {
          "r":10,
          "y":-0.5,
          "x":0.5
        },
        "3,2",
        "3,3",
        "3,4",
        "3,5",
        {
          "r":-10,
          "y":2.8,
          "x":-0.8
        },
        "3,6",
        "3,7",
        "3,8",
        "3,9",
       {
          "r":-3,
          "x":0.7,
          "y":-1.4
        },
        "3,10",
        {
          "r":0,
          "x":0.25,
          "y":-0.7
        },
        "3,11",
         {
          "w":1.75
        },
        "3,12",
        "3,13"
      ],
      [
        {
          "x": 0.6,
          "y":-0.1,
          "w": 1.5
        },
        "4,0",
        {
          "w": 1.5,
          "r":10,
          "x":2.45,
          "y":-0.6
        },
        "4,2",
        {
          "w": 2,
          "r":10
        },
        "4,4",
        "4,5",
        {
          "r":-10,
          "y":2.8,
          "w": 2.75,
          "x":-1.3
        },
        "4,7",
        {
          "w": 1.5
        },
        "4,9",
        {
          "x": 3.45,
          "y":-2.1,
          "r":0
        },
        "4,11",
        "4,12",
        "4,13"
      ]
    ]
  }
}





